De novo extracted, Global NMF Signatures, L1 Error %, L2 Error %, Cosine Similarity
Signature 96-A, Signature SBS1 (70.22%) & Signature SBS5 (29.78%), 0.28,  0.15, 0.99
Signature 96-B, Signature SBS5 (55.94%) & Signature SBS30 (44.06%), 0.44,  0.40, 0.92
Signature 96-C, Signature SBS8 (17.52%) & Signature SBS39 (82.48%), 0.35,  0.32, 0.95
Signature 96-D, Signature SBS1 (1.02%) & Signature SBS5 (20.78%) & Signature SBS8 (78.20%), 0.23,  0.24, 0.97
Signature 96-E, Signature SBS2 (15.12%) & Signature SBS13 (84.88%), 0.20,  0.12, 0.99
Signature 96-F, Signature SBS1 (1.26%) & Signature SBS2 (79.68%) & Signature SBS5 (11.24%) & Signature SBS13 (7.82%), 0.15,  0.06, 1.00
Signature 96-G, Signature SBS1 (4.86%) & Signature SBS5 (95.14%), 0.47,  0.44, 0.90
Signature 96-H, Signature SBS5 (1.54%) & Signature SBS18 (98.46%), 0.33,  0.23, 0.97
Signature 96-I, Signature SBS1 (2.96%) & Signature SBS5 (18.28%) & Signature SBS41 (46.96%) & Signature SBS47 (20.80%) & Signature SBS56 (11.00%), 0.44,  0.38, 0.93
Signature 96-J, Signature SBS1 (3.60%) & Signature SBS5 (10.96%) & Signature SBS26 (85.44%), 0.31,  0.27, 0.96
Signature 96-K, Signature SBS1 (7.46%) & Signature SBS5 (22.48%) & Signature SBS44 (70.06%), 0.25,  0.21, 0.98
Signature 96-L, Signature SBS5 (58.34%) & Signature SBS43 (16.76%) & Signature SBS51 (24.90%), 0.43,  0.42, 0.91
Signature 96-M, Signature SBS1 (0.82%) & Signature SBS5 (19.80%) & Signature SBS17a (12.02%) & Signature SBS17b (67.36%), 0.23,  0.13, 0.99
